[
    {
        "id": "AvUqetrzveUU",
        "name": "Test",
        "surname": "Family1",
        "gender": "\u0386\u03c1\u03c1\u03b5\u03bd",
        "birth": "12/06/1990",
        "spouse": "UqzB745gcS5n",
        "children": [
            "HG7ChomrGXhe",
            "VwgenF3dmXjQ"
        ],
        "x": "694",
        "y": "-98",
        "level": "129024"
    },
    {
        "id": "HG7ChomrGXhe",
        "name": "paidi",
        "surname": "Family1",
        "gender": "\u0398\u03ae\u03bb\u03c5",
        "birth": "6/2/2018",
        "children": [],
        "x": "381",
        "y": "82",
        "level": "129025"
    },
    {
        "id": "UqzB745gcS5n",
        "name": "test",
        "gender": "\u0398\u03ae\u03bb\u03c5",
        "spouse": "AvUqetrzveUU",
        "children": [
            "HG7ChomrGXhe",
            "VwgenF3dmXjQ"
        ],
        "x": "385",
        "y": "-98",
        "level": "129024"
    },
    {
        "id": "ZfbFGbEoavX3",
        "name": "pappous",
        "surname": "Family1",
        "gender": "\u0398\u03ae\u03bb\u03c5",
        "spouse": "apFYsd97wLm6",
        "children": [
            "mqQXWDKjgvJy",
            "AvUqetrzveUU"
        ],
        "x": "694",
        "y": "-278",
        "level": "129023"
    },
    {
        "id": "apFYsd97wLm6",
        "name": "giagia",
        "surname": "Family1",
        "gender": "\u0386\u03c1\u03c1\u03b5\u03bd",
        "spouse": "ZfbFGbEoavX3",
        "children": [
            "mqQXWDKjgvJy",
            "AvUqetrzveUU"
        ],
        "x": "1002",
        "y": "-278",
        "level": "129023"
    },
    {
        "id": "mqQXWDKjgvJy",
        "name": "theios",
        "surname": "Family1",
        "gender": "\u0386\u03bb\u03bb\u03bf",
        "children": [],
        "x": "1002",
        "y": "-98",
        "level": "129025"
    },
    {
        "id": "dXAJEwF4eXmZ",
        "name": "petheros",
        "gender": "\u0386\u03c1\u03c1\u03b5\u03bd",
        "spouse": "aVapNvySpLrX",
        "children": [
            "UqzB745gcS5n"
        ],
        "x": "75",
        "y": "-278",
        "level": "129023"
    },
    {
        "id": "aVapNvySpLrX",
        "name": "pethera",
        "gender": "\u0398\u03ae\u03bb\u03c5",
        "spouse": "dXAJEwF4eXmZ",
        "children": [
            "UqzB745gcS5n"
        ],
        "x": "386",
        "y": "-278",
        "level": "129023"
    },
    {
        "id": "VwgenF3dmXjQ",
        "name": "paidi2",
        "surname": "Family1",
        "gender": "\u0386\u03c1\u03c1\u03b5\u03bd",
        "birth": "5/5/2020",
        "children": [],
        "x": "695",
        "y": "82",
        "level": "129025"
    }
]